side,base_pips,early_pips
BUY,28028.99196403433,9654.450755275639
