cost,side,sum_pips
1.0,BUY,28028.99196403433
1.0,SELL,-51375.842509494396
2.0,BUY,22286.99196403433
2.0,SELL,-57215.842509494396
