cost,side,sum_pips
1.0,BUY,33092.439413053595
1.0,SELL,-51611.94249317692
2.0,BUY,27318.43941305359
2.0,SELL,-57447.94249317692
