side,base_pips,early_pips
BUY,33092.439413053595,11424.113582400329
